id,first_name,last_name,email,gender,ip_address
1,Pammi,MacIntosh,pmacintosh0@wix.com,Genderqueer,211.68.10.178
2,Leda,Relf,lrelf1@phoca.cz,Genderfluid,64.76.142.146
3,Milt,McSkeagan,mmcskeagan2@shareasale.com,Genderqueer,225.232.101.151
4,Nelia,Lynds,nlynds3@icio.us,Genderqueer,104.54.250.164
5,Gerladina,Macvain,gmacvain4@linkedin.com,Genderqueer,251.254.19.251
6,Emmery,Wilkison,ewilkison5@so-net.ne.jp,Genderfluid,140.60.163.219
7,Sven,Symcox,ssymcox6@arizona.edu,Bigender,82.146.1.93
8,Alleyn,Shickle,ashickle7@infoseek.co.jp,Male,220.202.139.38
9,Marie-jeanne,Shucksmith,mshucksmith8@csmonitor.com,Non-binary,14.141.131.75
10,Brina,Matley,bmatley9@apache.org,Agender,209.234.65.0
11,Eloisa,Atwood,eatwooda@howstuffworks.com,Agender,159.22.158.7
12,Ranique,Meece,rmeeceb@elegantthemes.com,Agender,131.95.54.20
13,Fletch,Dutch,fdutchc@issuu.com,Genderqueer,62.27.31.231
14,Charline,Bestar,cbestard@miitbeian.gov.cn,Polygender,65.121.182.14
15,Hillier,Wharmby,hwharmbye@accuweather.com,Bigender,189.198.124.69
16,Valentina,Tassell,vtassellf@nba.com,Non-binary,214.77.99.105
17,Durward,Ilden,dildeng@indiatimes.com,Genderqueer,75.103.185.30
18,Deny,Tomaszkiewicz,dtomaszkiewiczh@un.org,Agender,170.68.4.217
19,Paten,Woolmore,pwoolmorei@microsoft.com,Female,140.124.157.211
20,Bentley,Himsworth,bhimsworthj@diigo.com,Agender,65.189.34.215
21,Nevsa,Dubble,ndubblek@economist.com,Polygender,111.153.53.67
22,Celinda,McCollum,cmccolluml@freewebs.com,Male,179.4.20.23
23,Corbet,Darlison,cdarlisonm@mozilla.org,Non-binary,36.217.66.13
24,Dennet,Leedal,dleedaln@phoca.cz,Genderqueer,253.187.37.167
25,Base,Lismer,blismero@tinyurl.com,Female,49.125.61.218
26,Haley,Szymanowicz,hszymanowiczp@multiply.com,Genderqueer,85.173.246.233
27,Angele,Carstairs,acarstairsq@prlog.org,Bigender,184.218.60.145
28,Lurette,Pauleit,lpauleitr@examiner.com,Genderqueer,212.27.221.77
29,Ozzie,Wistance,owistances@princeton.edu,Agender,189.119.142.146
30,Dalila,Mathivon,dmathivont@360.cn,Bigender,159.182.109.23
31,Alexis,Critch,acritchu@businessinsider.com,Genderfluid,201.247.209.101
32,Even,Burgise,eburgisev@yellowpages.com,Female,42.249.108.174
33,Ives,MacFadyen,imacfadyenw@mit.edu,Male,182.204.92.65
34,Reinwald,Stinson,rstinsonx@t-online.de,Female,91.66.214.243
35,Ripley,Wrack,rwracky@ustream.tv,Non-binary,216.11.137.135
36,George,Fairbrace,gfairbracez@arizona.edu,Bigender,46.107.50.41
37,Alyssa,Jorczyk,ajorczyk10@zimbio.com,Female,48.247.119.132
38,Clerissa,Atger,catger11@bigcartel.com,Non-binary,71.9.238.93
39,Kendre,Vischi,kvischi12@nih.gov,Genderfluid,149.193.75.153
40,Adoree,Cisar,acisar13@tamu.edu,Agender,100.212.99.2
41,Bernice,Berends,bberends14@deliciousdays.com,Non-binary,45.116.205.131
42,Sonnnie,Zammett,szammett15@yolasite.com,Male,122.116.108.70
43,Sigfrid,Antognetti,santognetti16@msu.edu,Non-binary,44.152.182.45
44,Sarette,Thorald,sthorald17@google.nl,Non-binary,171.121.91.32
45,Noam,McGeouch,nmcgeouch18@technorati.com,Non-binary,216.122.202.50
46,Helenka,Sayse,hsayse19@cargocollective.com,Male,35.34.126.219
47,Merell,Howse,mhowse1a@hatena.ne.jp,Non-binary,149.29.244.179
48,Karney,Bullimore,kbullimore1b@networkadvertising.org,Female,176.157.215.107
49,Romy,Haskett,rhaskett1c@washington.edu,Agender,81.105.87.24
50,Daphene,Gerriets,dgerriets1d@unc.edu,Female,249.189.76.76
51,Trenna,Broadstock,tbroadstock1e@mapquest.com,Polygender,205.52.168.84
52,Nappie,Christian,nchristian1f@tuttocitta.it,Genderqueer,129.137.201.42
53,Jonis,Mill,jmill1g@google.com.au,Genderfluid,8.154.119.94
54,Susette,Dunlea,sdunlea1h@usatoday.com,Genderqueer,166.86.119.248
55,Clyde,Parkhouse,cparkhouse1i@who.int,Polygender,167.213.200.108
56,Engelbert,Balmer,ebalmer1j@dot.gov,Non-binary,72.46.171.223
57,Urbano,Franken,ufranken1k@stumbleupon.com,Polygender,51.3.105.56
58,Isacco,Venturoli,iventuroli1l@i2i.jp,Bigender,12.23.250.214
59,Patrizio,Featherbie,pfeatherbie1m@4shared.com,Non-binary,198.207.78.39
60,Jacinda,Wickwarth,jwickwarth1n@lulu.com,Bigender,113.159.195.100
61,Sancho,Jantot,sjantot1o@adobe.com,Bigender,53.200.133.5
62,Adolpho,Seaward,aseaward1p@ibm.com,Female,26.115.44.110
63,Kassi,Lissimore,klissimore1q@tinypic.com,Non-binary,235.89.24.228
64,Alasdair,Surgeon,asurgeon1r@si.edu,Male,242.11.88.235
65,Kassia,Done,kdone1s@disqus.com,Bigender,233.255.33.204
66,Guinna,Laister,glaister1t@miitbeian.gov.cn,Polygender,118.75.247.214
67,Ichabod,Sandars,isandars1u@odnoklassniki.ru,Agender,184.208.226.64
68,Benoit,Jerrolt,bjerrolt1v@cisco.com,Agender,160.179.61.80
69,Stacee,Matokhnin,smatokhnin1w@zdnet.com,Non-binary,26.43.126.54
70,Tim,Lawful,tlawful1x@wsj.com,Non-binary,197.10.154.55
71,Granger,Jackes,gjackes1y@cdbaby.com,Non-binary,255.175.80.8
72,Elroy,Bucknell,ebucknell1z@buzzfeed.com,Genderqueer,215.250.24.78
73,Portie,Joyes,pjoyes20@webs.com,Genderfluid,194.8.244.86
74,Jakob,Kynd,jkynd21@stanford.edu,Agender,18.20.55.209
75,Cassey,Littledike,clittledike22@skype.com,Genderqueer,151.72.56.49
76,Anthea,Bubear,abubear23@google.com,Male,190.1.166.140
77,Garrek,Soreau,gsoreau24@usgs.gov,Bigender,53.99.36.200
78,Audry,Kerrich,akerrich25@va.gov,Female,92.73.213.160
79,Jeri,O'Beirne,jobeirne26@ehow.com,Genderfluid,104.159.231.152
80,Francesco,Newcome,fnewcome27@illinois.edu,Polygender,47.10.101.166
81,Bev,Behling,bbehling28@bing.com,Agender,152.71.163.76
82,Atlante,Dollen,adollen29@php.net,Agender,250.81.140.85
83,Kristi,Barczynski,kbarczynski2a@xinhuanet.com,Genderfluid,36.132.251.117
84,Eartha,Breffit,ebreffit2b@reverbnation.com,Female,22.83.96.9
85,Yvonne,Boutwell,yboutwell2c@discovery.com,Bigender,208.111.140.224
86,Saxon,Toffoloni,stoffoloni2d@cyberchimps.com,Bigender,33.162.53.157
87,Andros,Simecek,asimecek2e@feedburner.com,Bigender,36.173.103.45
88,Julita,Pitone,jpitone2f@mapquest.com,Bigender,171.94.96.223
89,Porty,Forsard,pforsard2g@wired.com,Agender,113.133.241.45
90,Odo,Bumpas,obumpas2h@whitehouse.gov,Agender,4.172.75.249
91,Pieter,Wudeland,pwudeland2i@japanpost.jp,Female,226.246.246.199
92,Chicky,Parrott,cparrott2j@princeton.edu,Genderqueer,156.167.193.222
93,Klement,Isakov,kisakov2k@amazon.com,Bigender,24.248.179.253
94,Valenka,Hincks,vhincks2l@rakuten.co.jp,Female,209.203.59.248
95,Edlin,Purchon,epurchon2m@hibu.com,Genderfluid,17.239.127.125
96,Randi,Balint,rbalint2n@domainmarket.com,Polygender,79.159.49.145
97,Craggie,Earry,cearry2o@narod.ru,Non-binary,30.4.125.219
98,Sheffie,Lofting,slofting2p@4shared.com,Female,107.192.59.141
99,Antoinette,Huyton,ahuyton2q@stanford.edu,Genderfluid,10.147.7.65
100,Bev,Loughlan,bloughlan2r@shinystat.com,Genderqueer,190.42.206.141